{"cameraMode":{"drawMode":0,"name":"Shaded","section":"Shading Mode"},"sceneLighting":true,"audioPlay":false,"sceneViewState":{"showFog":true,"showMaterialUpdate":true,"showSkybox":true,"showFlares":true,"showImageEffects":true,"showParticleSystems":true},"in2DMode":false,"pivot":{"x":-0.634706974029541,"y":1.1943490505218506,"z":0.9876003265380859},"rotation":{"x":-0.052574750036001208,"y":0.7133036255836487,"z":-0.05382034555077553,"w":-0.6968059539794922},"size":2.0531413555145265,"orthographic":false}