{"cameraMode":{"drawMode":0,"name":"Shaded","section":"Shading Mode"},"sceneLighting":true,"audioPlay":false,"sceneViewState":{"showFog":true,"showMaterialUpdate":true,"showSkybox":true,"showFlares":true,"showImageEffects":true,"showParticleSystems":true},"in2DMode":false,"pivot":{"x":7.505850791931152,"y":2.8989498615264894,"z":4.768191337585449},"rotation":{"x":-0.07843576371669769,"y":0.7580877542495728,"z":-0.09280186891555786,"w":-0.6407332420349121},"size":4.922519683837891,"orthographic":false}