{"cameraMode":{"drawMode":0,"name":"Shaded","section":"Shading Mode"},"sceneLighting":true,"audioPlay":false,"sceneViewState":{"showFog":true,"showMaterialUpdate":true,"showSkybox":true,"showFlares":true,"showImageEffects":true,"showParticleSystems":true},"in2DMode":false,"pivot":{"x":-0.8251574039459229,"y":-0.7967430353164673,"z":15.244842529296875},"rotation":{"x":-0.0861913412809372,"y":0.15093453228473664,"z":-0.013212112709879876,"w":-0.9846912026405335},"size":10.946576118469239,"orthographic":false}