{"cameraMode":{"drawMode":0,"name":"Shaded","section":"Shading Mode"},"sceneLighting":false,"audioPlay":false,"sceneViewState":{"showFog":true,"showMaterialUpdate":true,"showSkybox":false,"showFlares":true,"showImageEffects":true,"showParticleSystems":true},"in2DMode":false,"pivot":{"x":3.309666633605957,"y":0.9509749412536621,"z":3.4025416374206545},"rotation":{"x":-0.3908608555793762,"y":0.054347068071365359,"z":-0.023126421496272088,"w":-0.9185540080070496},"size":1.6240170001983643,"orthographic":false}