{"cameraMode":{"drawMode":0,"name":"Shaded","section":"Shading Mode"},"sceneLighting":true,"audioPlay":false,"sceneViewState":{"showFog":true,"showMaterialUpdate":true,"showSkybox":true,"showFlares":true,"showImageEffects":true,"showParticleSystems":true},"in2DMode":false,"pivot":{"x":0.9770557880401611,"y":1.5763182640075684,"z":0.2905707359313965},"rotation":{"x":-0.006292600650340319,"y":0.9922215938568115,"z":0.056310415267944339,"w":0.110893614590168},"size":1.3098498582839966,"orthographic":false}