{"cameraMode":{"drawMode":0,"name":"Shaded","section":"Shading Mode"},"sceneLighting":true,"audioPlay":false,"sceneViewState":{"showFog":true,"showMaterialUpdate":true,"showSkybox":true,"showFlares":true,"showImageEffects":true,"showParticleSystems":true},"in2DMode":false,"pivot":{"x":1.667703628540039,"y":0.612063467502594,"z":0.04552234709262848},"rotation":{"x":-0.21944472193717957,"y":0.6370326280593872,"z":-0.19622698426246644,"w":-0.712411642074585},"size":6.1990180015563969,"orthographic":false}